state_abbr,data_year,Aggravated Assault,All Other Offenses (Except Traffic),Arson,Burglary,Curfew and Loitering Law Violations,Disorderly Conduct,Driving Under the Influence,Drug Abuse Violations - Grand Total,Drunkenness,Embezzlement,Forgery and Counterfeiting,Fraud,Gambling - Total,Human Trafficking - Commercial Sex Acts,Human Trafficking - Involuntary Servitude,Larceny - Theft,Liquor Laws,Manslaughter by Negligence,Motor Vehicle Theft,Murder and Nonnegligent Manslaughter,Offenses Against the Family and Children,Prostitution and Commercialized Vice,Rape,Robbery,Simple Assault,"Stolen Property: Buying, Receiving, Possessing",Suspicion,Vagrancy,Vandalism,"Weapons: Carrying, Possessing, Etc.","Sex Offenses (Except Rape, and Prostitution and Commercialized Vice)",Unemployment_Rate
AL,2014,707,12402,30,601,0,497,2254,427,1675,57,172,848,0,0,0,3390,699,0,156,31,147,0,61,147,3940,329,0,13,275,249,69,6.733333333
AL,2015,4346,64046,115,3317,0,2416,8836,10289,7769,284,1290,4555,0,0,0,17457,1984,7,789,309,992,11,389,1210,19954,2106,0,148,1629,1510,520,6.125
AL,2016,4887,73292,115,3302,0,2346,8660,10813,7621,206,1438,3934,0,0,0,15578,2628,13,957,358,1060,1,407,1347,19419,2164,0,67,1696,1780,741,5.533363678
AL,2017,4804,80304,132,3468,0,2305,8065,11985,6933,190,1277,3471,0,0,0,15572,2216,8,1069,345,885,103,375,1221,18170,2690,0,57,1531,2104,630,4.508333333
AL,2018,4649,84007,131,3183,0,2184,7878,12027,6475,181,1154,3140,0,0,0,15965,1754,13,1134,321,597,101,393,1210,17302,2592,0,60,1430,2264,660,3.941666667
AL,2019,4500,88575,106,2691,0,2140,7073,10279,6134,170,1055,2881,0,0,0,15226,1775,5,1045,388,526,106,372,1053,17488,2324,0,33,1378,1478,563,3.183333333
AL,2020,1759,29717,39,1001,0,685,3043,4059,2576,32,346,861,0,0,0,4937,710,2,350,180,156,50,99,321,6984,934,0,9,492,569,216,6.425
AL,2021,1593,39461,42,978,0,2257,2220,10656,0,15,279,655,13,7,0,4261,4861,0,441,164,174,51,113,287,5652,1012,0,2,984,1671,73,3.366666667
AL,2022,2877,60792,78,1456,0,2477,6296,17132,0,33,498,1210,9,9,0,8269,6227,0,601,266,307,47,219,428,9683,1467,0,0,1480,1917,88,2.575
AK,2014,1270,10634,141,290,5,748,2414,1197,128,62,80,190,0,0,0,2883,1251,5,211,19,188,36,89,210,3200,25,17,0,743,223,257,6.753846154
AK,2015,1734,13025,67,485,5,795,3163,1212,80,72,39,230,0,0,0,2540,1100,1,361,47,181,8,118,294,4350,52,0,3,898,303,240,6.31183432
AK,2016,1845,11340,51,538,12,738,3063,1006,112,81,96,236,0,0,0,2401,775,5,505,41,195,13,130,282,4300,82,0,4,1024,311,281,4.063632226
AK,2017,1913,10737,22,623,0,757,3102,1004,43,77,113,219,0,0,0,2356,653,2,694,46,159,5,126,289,4478,105,0,2,1004,369,256,6.513679493
AK,2018,2132,11072,43,602,5,843,3148,1046,47,54,154,201,0,0,0,2392,592,4,726,38,174,2,149,367,4943,120,0,17,1103,387,263,6.077975346
AK,2019,2188,11465,52,641,0,878,3196,1098,33,46,88,132,0,0,0,2107,340,4,514,48,190,6,135,321,5202,92,0,38,1211,295,246,5.629075027
AK,2020,2132,9909,43,476,0,663,3061,817,19,35,55,200,0,0,0,1577,277,1,344,33,101,1,165,288,4654,66,2,44,1083,333,245,8.102236541
AK,2021,739,4521,14,177,0,480,1746,508,0,3,11,31,0,1,0,426,131,3,127,16,36,0,88,35,2147,11,0,8,379,146,50,6.561710503
AK,2022,1893,6666,42,428,1,525,3227,831,4,30,44,104,0,0,0,1063,134,1,323,55,125,9,129,197,3850,70,0,4,988,292,205,4.220131577
AZ,2014,6973,76924,208,3948,1470,15103,27590,30237,0,156,1157,2096,6,0,0,36742,14514,18,1603,181,2533,892,303,1610,26017,1189,0,303,10916,2395,1638,6.838461538
AZ,2015,8187,81052,208,3913,1334,18961,27617,29602,14105,190,1012,1940,15,0,0,35808,12577,21,1681,208,3625,659,316,1716,26721,1212,185,377,10467,2854,1529,6.133727811
AZ,2016,9402,77897,201,4131,1131,17145,24555,31404,15464,365,1160,2084,9,0,0,33994,10269,42,1674,253,3239,388,361,1893,27540,1388,137,365,10742,3054,1472,5.579472007
AZ,2017,10887,86713,237,4331,1213,17165,25738,37108,17582,457,1235,2188,14,0,181,30746,9855,22,1799,283,3588,308,356,2175,28797,1461,150,618,11125,3286,1417,5.017951052
AZ,2018,10439,84794,430,4050,681,17136,21313,35024,13396,854,1191,2227,7,250,0,27406,8172,35,1806,297,3158,350,378,1991,28642,1209,57,607,10952,3333,1524,4.824457773
AZ,2019,10169,76093,197,4087,583,15719,20510,32516,11961,507,927,2213,1,0,1,27430,6771,41,1811,345,2799,316,342,2045,28062,1067,35,457,10805,3339,1475,4.809573675
AZ,2020,10057,53583,257,3680,566,13431,16546,23738,5695,348,628,1491,9,5,78,22117,4583,44,1836,384,2601,386,346,1908,25022,1043,105,844,9462,3771,1175,7.608428744
AZ,2021,3409,30433,109,1245,248,9374,14016,10003,0,55,202,643,0,1,0,8257,2345,26,759,111,441,64,141,399,12643,328,0,130,3678,1044,197,5.269879134
AZ,2022,8222,55414,181,2731,229,11465,17443,21037,34,421,436,1449,0,29,0,17172,3146,57,1378,343,756,618,295,1444,23105,1065,0,1877,6888,3474,731,3.936144549
AR,2014,3142,55260,50,2204,204,2509,7034,11320,5985,44,751,1287,8,0,0,13028,1937,8,420,88,278,222,249,594,10785,1163,0,543,1286,915,125,5.953846154
AR,2015,3732,59878,74,2039,313,2391,7126,12842,7091,55,709,1179,1,0,0,14084,1977,7,380,138,228,217,279,595,11437,1279,0,741,1390,887,138,5.027218935
AR,2016,3929,62285,47,2236,365,2640,6807,15893,6893,64,855,1133,8,0,0,11715,1836,10,509,142,364,282,298,573,12248,1439,0,893,1518,1064,124,3.187983614
AR,2017,3839,55481,41,2123,312,2538,6087,17788,6308,52,844,898,15,0,0,9854,1490,14,608,140,308,170,286,555,11675,1780,0,322,1556,1115,65,3.766433248
AR,2018,4241,59744,69,2014,308,2476,6370,19309,6327,47,891,951,7,0,1,11471,1390,11,648,147,475,134,274,540,12573,1871,0,363,1660,1188,101,3.666648711
AR,2019,4424,57016,67,1989,296,2728,6541,19094,5782,50,875,921,24,0,0,11511,1358,8,625,165,434,81,307,511,12747,1868,0,336,1919,1132,83,3.505126824
AR,2020,4804,41586,67,1761,213,2111,5273,15993,2959,29,633,661,9,0,0,9039,1001,17,580,198,329,17,292,447,11674,1781,0,313,1619,1081,89,5.992702063
AR,2021,4903,47474,70,1687,171,2341,5263,16543,0,26,503,512,9,1,0,7009,1062,9,668,190,330,54,288,348,11736,1678,0,215,1704,1158,105,4.222515543
AR,2022,4606,44272,64,1667,118,2505,5967,14637,0,15,537,508,5,0,0,8010,978,16,606,193,244,26,291,339,11479,1694,0,207,1478,1019,106,3.370962734
CA,2014,87468,299517,1055,48551,3236,6330,155512,229348,90061,1049,5226,6581,285,0,0,71492,15835,239,13773,1427,316,9156,2446,14801,78246,17405,0,8115,17200,24515,9743,7.630769231
CA,2015,88150,301333,1189,44292,1919,4711,141934,207457,78885,979,4874,6559,256,0,0,65158,12335,264,17449,1439,244,8138,2478,15905,81870,16369,8,7509,17205,26157,9436,6.333136095
CA,2016,87210,286762,1315,40957,1454,3940,130509,219782,70213,963,5042,6355,266,0,0,54836,8926,224,18621,1441,245,7607,2568,15895,81092,16532,0,6599,17267,27777,9247,4.930632681
CA,2017,88485,291206,1575,38241,999,3570,123607,213335,63751,997,4458,6946,287,0,0,47129,7208,267,19571,1502,232,7069,2567,17001,80805,17441,0,6896,16982,28682,9329,4.890728616
CA,2018,89911,295117,1535,35310,658,3477,127562,219899,58716,925,4132,6133,403,0,0,42643,5987,243,18057,1416,269,6422,2549,16715,82173,16283,1,7294,16694,28406,8936,4.306979124
CA,2019,87232,279290,1602,34197,713,3520,124532,220270,55648,995,3853,6921,570,0,0,41094,5421,284,15326,1352,299,5862,2238,16113,81234,15433,0,4810,17133,28095,8958,4.115921471
CA,2020,83718,198457,2063,26367,395,2676,96322,187176,36107,684,2767,5075,676,0,0,28462,2765,261,16469,1597,312,4456,2073,13703,69451,14709,0,3315,17648,28520,7322,9.731993959
CA,2021,7576,64920,262,2058,53,11321,20849,20704,0,84,473,1649,71,13,1,5099,432,2,1904,167,79,383,255,1680,12945,2604,0,478,2715,5020,277,7.510153381
CA,2022,70290,199860,2234,18786,190,25481,98084,119840,14687,738,2293,6161,361,27,8,30420,2360,175,13489,1439,260,4141,1951,12973,74434,16428,0,2454,18291,31558,5316,4.439242568
CO,2014,4431,104749,226,2697,1607,9881,28098,13359,272,92,590,1956,13,0,0,27990,12679,8,1576,131,3271,349,466,931,16978,320,0,561,5335,2173,525,5.069230769
CO,2015,4825,100636,186,2458,1334,9134,26623,14673,649,105,594,2200,1,0,0,27096,11661,3,2176,106,3348,642,479,1007,18042,434,0,325,5464,2270,497,3.843786982
CO,2016,5383,107952,244,2675,1266,8124,24863,15597,812,109,740,2612,4,0,0,25876,9851,5,2705,156,3272,515,456,986,18125,541,1,482,5661,2434,463,4.550568958
CO,2017,6127,114220,287,2431,1141,7919,25030,16860,485,127,757,2608,19,2,2,22459,9118,15,2848,188,3517,528,458,1201,17864,528,7,605,5740,2387,472,2.652921816
CO,2018,6651,101588,233,2476,855,7824,22782,18183,370,121,776,2785,7,4,0,22013,7947,8,2746,216,2840,427,594,1259,18272,612,1,545,5507,2501,561,3.019455524
CO,2019,6789,92836,223,2688,538,6620,21262,17189,378,79,813,3036,13,1,0,22105,6485,27,3192,181,2385,372,582,1240,18340,647,0,471,5684,2558,504,2.693804271
CO,2020,7294,61262,315,2901,334,4926,16588,10640,203,72,545,2087,0,5,0,16516,4073,26,3631,267,2162,131,489,1260,17033,765,0,397,5817,2488,362,6.453369559
CO,2021,6697,63023,307,2498,161,4419,17294,10326,0,73,378,1669,2,4,0,12875,3033,24,4102,233,2227,210,459,1186,16306,984,0,89,5627,2550,391,5.534874581
CO,2022,7125,69339,311,2524,122,4291,16155,10946,0,75,377,1415,0,11,0,12596,2194,32,4006,277,2272,147,415,1062,16681,1122,0,167,5270,2280,403,3.210374968
CT,2014,2575,29729,284,2407,7,12150,8940,9774,2,165,686,977,14,0,0,13910,368,12,581,94,1403,351,243,1169,18729,286,0,26,2049,1136,392,6.676923077
CT,2015,2149,27753,78,1953,1,11259,8729,8758,9,163,619,857,12,0,0,12645,238,12,628,93,1385,264,201,1121,17287,238,0,31,1864,1060,419,5.698224852
CT,2016,2472,27077,98,1968,4,11701,8688,9276,8,167,565,930,19,0,0,12262,231,14,872,66,1485,215,229,1031,18429,373,0,36,2091,1210,357,6.290714611
CT,2017,2497,28502,75,1964,3,10715,8350,9065,5,140,622,915,7,5,1,11070,159,14,917,83,1526,182,192,1062,18760,697,0,24,2207,1262,354,4.456202514
CT,2018,2270,30209,76,1620,1,10808,7681,8211,13,140,561,933,10,1,0,9979,98,9,793,72,1474,186,208,896,17932,694,0,41,1693,1128,369,3.927400193
CT,2019,1970,29644,63,1389,9,10612,7613,7103,11,123,433,831,12,1,0,9666,86,7,615,79,1513,118,202,763,16278,345,0,44,1703,1077,316,3.632876938
CT,2020,1766,17972,68,1152,1,8848,5180,4344,0,77,296,567,7,1,0,6951,60,19,663,105,1714,44,191,605,15063,332,0,43,1543,1039,293,7.633298226
CT,2021,1636,21379,49,999,1,8682,6205,3495,0,66,214,449,10,3,0,5686,81,14,691,108,2155,32,132,523,15111,245,0,154,1622,1205,271,6.394869094
CT,2022,1581,24111,71,912,4,8901,6263,3076,0,67,226,438,17,0,0,6380,31,18,701,77,1759,32,171,576,15072,237,0,13,1556,1476,295,4.330374546
DE,2014,1492,5317,32,1046,65,1653,333,6180,480,204,272,1901,6,0,0,6814,1326,0,127,19,195,64,79,544,6856,445,0,491,773,397,138,5.646153846
DE,2015,1615,5102,32,1006,64,1237,386,5753,368,216,315,1714,0,0,0,6222,898,0,110,53,198,100,76,505,6779,397,0,422,868,335,120,4.85739645
DE,2016,1614,5588,26,1063,47,1318,355,4289,348,198,291,1797,1,0,0,5984,890,1,122,33,195,89,58,529,6643,471,0,333,890,390,130,4.969094219
DE,2017,1377,5733,32,917,32,1263,339,4015,365,216,266,1791,20,1,0,4957,601,1,131,42,163,81,75,460,6164,399,0,224,749,339,103,4.473120689
DE,2018,1465,5318,24,681,31,1201,428,3703,345,160,197,1341,9,0,0,4480,703,0,113,29,184,124,73,391,6099,320,0,165,756,321,107,3.76716313
DE,2019,1418,6198,25,777,37,1149,453,3817,359,162,232,1315,20,1,0,4443,540,2,194,11,157,83,72,402,6396,372,0,229,851,324,95,3.605166395
DE,2020,1402,5485,20,643,24,785,294,3335,238,103,121,822,9,0,0,3303,198,3,161,16,148,31,73,317,5382,346,0,142,853,340,97,7.208089723
DE,2021,1400,6093,23,474,4,949,324,3565,0,78,105,967,4,0,0,2840,351,7,195,36,165,10,76,280,5504,358,0,105,878,424,105,5.631391517
DE,2022,1399,5890,18,503,13,782,309,3636,0,70,128,1038,17,0,0,2864,420,16,211,36,136,13,72,255,5457,375,0,76,811,451,83,4.579337809
FL,2017,27323,302557,241,16466,5,33,32683,284,37,1054,2026,11593,71,0,0,65921,11739,86,8285,634,4,2468,1871,6387,78747,1829,0,0,6333,6301,2999,6.114670355
FL,2018,611,8231,9,321,1,17,1634,72,15,18,65,491,0,0,0,2193,768,4,211,13,1,43,47,145,3894,90,0,0,214,121,59,5.716513104
FL,2019,25302,290411,252,13560,0,43,33872,181,32,1047,1808,11226,107,0,0,64087,10774,121,7776,787,10,2049,1765,6006,80785,1512,0,0,5956,6551,3209,5.493577931
FL,2020,26155,199194,258,12585,0,17,29245,62,15,653,1217,8248,109,0,0,46870,5994,142,7197,848,3,940,1822,5488,75745,1320,0,0,5845,7548,2929,7.699505995
FL,2021,2538,37982,34,538,32,785,4938,6584,0,152,163,851,9,2,2,4998,385,9,529,64,375,157,124,356,11934,73,0,817,1077,1425,96,6.899962
FL,2022,3312,52666,40,806,54,796,6151,7539,0,235,234,1177,6,4,0,7672,1052,10,558,78,512,265,181,523,15197,182,0,1060,1454,1885,109,4.792304769
GA,2014,8909,103273,244,7435,647,22489,25925,46705,2337,437,3783,5862,251,0,0,43351,7155,29,1734,457,4197,732,356,2798,32838,3327,252,1394,4260,3893,3473,6.476923077
GA,2015,9246,95843,177,6145,536,19032,23925,45183,2019,418,3349,5336,217,0,0,38080,5431,20,1617,463,3670,672,319,2537,29841,3207,24,1843,3970,3616,3533,5.598224852
GA,2016,9897,85549,189,5559,409,17325,22507,46962,1957,284,2923,3973,94,0,0,32770,4606,32,1639,477,3468,619,324,2423,27285,3426,31,1744,4259,3822,3136,2.937050523
GA,2017,10082,85808,188,5033,396,16731,20914,48883,1628,338,2793,3710,120,0,0,31165,3894,32,1782,467,3336,497,343,2079,26158,3682,21,1347,4239,4110,2879,4.351468786
GA,2018,9032,90224,156,3965,238,12652,28446,51956,1607,217,2229,3200,173,0,0,27557,2013,20,1404,399,4244,416,278,1442,23827,3061,24,646,3942,3705,2244,3.703959137
GA,2019,7109,72492,135,2743,297,9651,16706,34710,1525,121,1749,2325,76,7,0,20297,1388,15,1022,277,2942,347,232,1136,18687,2134,12,814,3292,2640,1488,3.284919934
GA,2020,5966,40969,120,1689,124,6322,15497,20370,728,27,808,1870,21,37,1,11667,1015,10,923,295,869,158,350,718,14990,1593,0,923,3168,1679,432,7.798839995
GA,2021,7810,51548,138,1923,136,7713,19978,29399,9,63,956,3280,8,20,2,13330,1591,31,1455,459,1187,198,410,900,19783,1881,0,1261,3959,3151,613,4.899910769
GA,2022,8446,60363,179,1885,207,8308,19316,28274,13,56,1117,4437,12,32,8,14604,1649,24,1309,469,1146,216,416,991,21206,2043,0,1224,3664,3074,629,3.05383929
HI,2014,618,14624,9,468,169,593,3599,2146,0,11,65,140,57,0,0,2616,356,8,410,16,14,106,83,188,2452,61,0,1,343,230,123,7.176923077
HI,2015,928,21896,43,676,182,1143,6524,2953,0,49,137,320,43,0,0,4253,721,6,684,36,26,154,157,412,4979,139,0,0,628,273,253,6.159763314
HI,2016,858,19671,36,636,172,1074,5929,2574,4,32,140,265,76,0,0,3365,575,6,389,35,17,159,154,294,4621,130,7,3,570,297,218,3.693536641
HI,2017,810,14958,23,436,218,905,5965,2733,0,14,81,150,156,2,0,2878,464,0,423,40,13,120,117,273,3845,414,0,0,387,249,159,4.816921676
HI,2018,705,16596,35,444,143,934,5460,3051,0,15,96,247,150,0,0,2830,1757,1,415,30,29,125,130,256,3845,460,0,75,283,304,188,4.062840129
HI,2019,731,18630,42,437,216,1263,5106,2995,0,5,110,270,101,3,0,2934,2224,6,404,45,15,119,145,260,3964,456,0,279,334,298,184,3.612526164
HI,2020,797,30857,50,468,124,1208,3481,2539,0,7,67,203,53,2,0,1999,2754,3,363,78,20,65,129,242,3671,503,0,545,268,429,128,6.262502013
HI,2021,707,19229,39,276,73,862,3169,1850,0,8,72,191,43,0,0,1304,1391,2,191,34,11,31,90,184,4193,547,0,343,149,133,107,4.097115539
HI,2022,630,14234,44,241,61,878,2995,1350,0,7,70,210,45,5,2,1643,884,4,190,36,18,2,71,244,4306,468,0,210,113,141,125,3.115162734
ID,2014,1178,22972,63,1012,279,1671,7450,7272,377,64,129,381,0,0,0,5468,2498,2,213,16,930,21,109,92,5067,233,0,21,1054,355,248,4.261538462
ID,2015,1388,22994,68,1019,205,1760,7503,8353,744,49,122,372,0,0,0,5452,2239,6,225,19,1106,19,125,112,5193,310,14,16,1043,368,245,3.481656805
ID,2016,1320,21734,48,923,81,1648,7237,9344,346,50,134,328,0,0,0,4703,1516,1,224,26,877,20,130,89,4950,274,5,10,891,367,234,5.899271734
ID,2017,1445,23832,54,956,143,1856,7483,10828,620,48,150,324,0,0,0,4581,1207,5,245,19,762,17,157,72,5105,227,7,15,895,337,217,2.272080809
ID,2018,1480,24897,61,868,114,1532,8017,11841,492,44,140,368,1,0,0,4251,1125,2,206,21,773,12,197,96,5144,230,3,13,878,330,268,2.39785237
ID,2019,1579,22041,46,772,132,1485,7908,11189,650,41,107,352,0,0,0,3817,1286,2,195,19,625,12,208,84,4404,180,9,11,798,315,298,2.507527105
ID,2020,1602,17222,51,687,115,1527,7054,9895,426,38,64,430,0,0,0,2859,1030,8,172,24,603,11,158,68,3654,207,18,27,789,304,242,11.13904055
ID,2021,1565,18938,36,643,144,1509,7457,10808,0,35,80,401,0,0,0,2252,1041,5,191,31,525,15,146,67,3749,181,0,5,797,354,218,6.410695427
ID,2022,1647,19381,50,687,121,1519,7594,10363,0,27,70,405,0,0,0,2452,1066,2,157,25,497,11,151,74,3728,188,0,4,772,426,200,3.700822725
IL,2014,1908,18653,74,1673,96,9636,3641,541,0,0,214,267,1356,0,0,10656,462,7,2545,330,309,924,348,2058,16503,74,0,47,2885,3337,534,4.507692308
IL,2015,1803,15587,65,1318,129,6753,3651,405,0,0,173,225,914,0,0,8831,292,9,2986,272,278,304,280,1729,14953,75,0,14,2332,3487,414,3.915976331
IL,2016,1826,11098,67,987,79,3744,2921,369,0,0,127,182,456,0,0,8041,166,9,3505,287,252,184,276,1629,13329,88,0,4,2065,3232,302,4.405871643
IL,2017,1804,11818,58,876,51,2976,2338,342,0,1,106,227,457,0,1,7581,131,9,3113,278,265,141,261,1459,12998,63,0,18,2068,4289,236,3.253348972
IL,2018,2269,14037,63,1008,50,3980,2815,467,0,0,124,247,706,0,0,9497,183,15,4267,416,350,115,438,2415,16678,86,0,29,2684,6795,349,2.904103767
IL,2019,370,3019,16,74,24,639,392,536,0,0,16,33,0,0,0,453,73,2,12,17,211,63,19,72,1490,90,0,21,312,136,10,2.877238751
IL,2020,359,2298,18,67,24,480,348,419,0,0,6,39,0,0,0,533,41,1,19,16,140,1,18,58,1185,59,0,3,383,182,15,5.31363375
IL,2021,2822,24392,82,1033,160,2594,11312,9599,0,39,163,1277,0,0,0,5907,1308,18,354,149,271,72,111,487,15478,218,0,1,2870,2796,55,3.639510288
IL,2022,4584,38948,100,1600,224,3768,14339,12522,0,80,272,1931,3,0,1,9686,1616,23,739,282,450,83,181,881,25587,313,0,4,4125,4408,117,2.749193099
IN,2014,6289,49646,106,2706,390,4162,56467,47694,16105,131,946,1453,17,0,0,20708,6491,13,1343,203,1397,508,184,1236,13910,720,201,236,1490,1695,914,7.276923077
IN,2015,6250,58514,98,2467,351,4009,16083,18329,4841,145,950,1733,16,0,0,19162,5905,13,1482,214,1413,438,202,1269,13599,583,143,170,1454,2181,991,6.090532544
IN,2016,6070,56019,118,2427,254,3931,15862,20431,4588,211,1409,1836,21,0,0,17590,4685,14,1743,171,1217,321,202,1377,13414,576,20,83,1539,2496,889,3.587255348
IN,2017,6975,55417,94,2335,218,3774,15162,29394,4013,299,1275,2011,14,0,0,15310,4180,15,1784,194,1205,303,234,1444,12320,391,34,349,1288,2426,733,5.023020903
IN,2018,6744,49934,83,2024,168,3830,14089,30052,4073,223,1062,1829,8,1,4,13381,3378,13,1675,205,1279,215,238,1253,12618,430,43,45,1286,2400,712,4.447924685
IN,2019,5372,47267,101,1701,102,3585,13544,24864,3528,137,875,1839,48,3,132,11688,3000,16,1324,123,844,98,193,908,11950,463,12,40,960,2559,533,4.003686514
IN,2020,4806,37145,82,1524,77,2890,12975,18681,1298,111,644,1020,4,2,4,8946,1314,31,1133,174,500,39,206,827,11673,563,5,158,706,2880,430,8.923360501
IN,2021,4067,39462,70,1186,102,2606,13380,19905,0,89,246,842,3,0,1,7706,1469,36,1136,156,389,84,189,671,13485,617,0,4,630,3474,351,6.309489269
IN,2022,3920,41442,67,1232,101,2414,12980,18025,0,175,277,914,5,2,0,7976,1932,33,1106,142,385,50,185,702,14236,575,0,0,516,2747,349,4.677653021
IA,2014,3676,28313,112,1549,384,5645,11371,9101,11573,74,523,774,5,0,0,13046,4777,10,400,29,1271,68,162,363,8719,215,0,16,2324,762,203,5.992307692
IA,2015,4442,29611,127,1813,369,4755,10598,9080,8481,84,597,768,7,0,0,12986,4061,3,516,48,1050,120,159,394,7789,203,0,6,2162,783,198,4.876331361
IA,2016,4432,30255,91,1664,404,4211,10335,9754,7129,83,611,773,6,0,0,11288,4139,5,549,58,1287,104,161,403,8020,189,0,10,2363,863,196,4.029221666
IA,2017,4437,34610,106,1743,269,3898,11221,10467,6285,79,749,817,7,0,0,10815,4036,7,643,59,1126,46,243,365,7893,231,0,17,2179,963,119,3.561990126
IA,2018,3796,33417,82,1195,188,3562,10198,8853,5194,56,474,658,9,0,0,8663,3082,3,592,35,1081,31,218,230,6702,232,0,8,1825,790,107,3.44323001
IA,2019,4617,35143,98,1562,142,3503,10985,9855,5004,56,572,702,6,0,0,9931,2754,3,660,49,974,33,231,311,8280,274,0,8,2198,847,122,3.303325385
IA,2020,4789,28993,110,1491,92,2001,9749,8430,2540,44,407,480,3,0,0,7080,2148,2,673,55,1007,11,274,288,7460,294,0,6,2178,937,95,7.03102503
IA,2021,4622,24171,92,1081,9,693,9209,8627,0,62,289,787,7,1,0,5912,1559,7,847,42,530,24,278,223,8811,295,0,6,2035,760,97,4.133155772
IA,2022,3783,23343,91,943,14,722,8533,8533,0,106,284,794,9,11,0,6034,1523,7,699,26,447,24,266,244,8105,340,0,5,1835,723,84,3.079473521
KS,2014,1693,27251,64,875,0,2305,9239,8113,307,162,289,716,0,0,0,5339,4229,3,429,38,216,105,156,218,9750,399,0,0,1937,471,205,4.246153846
KS,2015,1694,23880,56,771,0,2062,8035,8482,219,167,233,665,0,0,0,5355,3442,3,374,58,291,72,145,227,9216,396,1,0,1766,453,185,3.734319527
KS,2016,1751,21330,60,672,0,1786,6728,8833,159,150,235,546,0,0,0,4574,2916,1,403,56,219,56,137,227,8981,634,0,0,1704,575,169,5.056258534
KS,2017,1913,25145,51,635,0,1815,6554,10624,161,111,270,624,0,0,0,4041,2653,0,445,63,269,119,130,214,8986,702,0,0,1778,769,171,3.099019642
KS,2018,450,24077,19,161,0,1599,6455,2680,139,33,88,356,0,0,0,970,2406,4,100,12,214,3,56,36,1827,185,0,0,392,139,58,2.615309203
KS,2019,2257,23600,63,534,0,1750,7285,10511,131,56,212,456,1,0,0,3817,2331,2,348,55,267,93,137,219,8804,592,0,0,1922,845,157,2.662716093
KS,2020,2480,19562,65,587,0,1673,7498,10526,101,39,205,446,1,0,0,4580,1952,1,434,92,259,40,136,264,9639,722,1,0,2268,1022,142,5.004824315
KS,2021,3049,23030,75,712,0,1686,8259,11960,0,35,170,336,1,0,0,4237,1803,6,498,104,242,87,170,251,10372,695,0,0,2449,899,153,3.908063409
KS,2022,2800,22421,84,573,0,1704,7667,10750,0,61,143,338,0,0,0,4492,1627,7,377,86,247,94,165,247,9573,562,0,0,2284,815,170,2.831389493
KY,2014,2153,66795,147,3570,0,4551,20009,21676,15715,507,1053,1174,9,0,0,18913,234,17,645,161,4786,226,264,1280,11434,1948,0,179,1113,1018,412,4.538461538
KY,2015,1983,90193,78,3261,1,4529,18145,22494,15411,487,1025,1153,17,0,0,17127,130,18,694,168,4467,275,268,1148,11642,2164,0,145,1078,888,414,4.179881657
KY,2016,1969,106377,53,3052,3,4101,16916,23315,14276,457,1057,1056,9,0,0,14393,94,17,895,191,4560,252,260,1138,11788,2659,0,137,1148,906,321,6.083477469
KY,2017,2072,143065,77,3017,2,4646,17949,27482,16397,414,1146,1429,3,0,1,13441,103,15,951,199,6161,171,275,1017,12260,3023,0,74,1198,987,319,3.648401667
KY,2018,2137,150247,130,2966,1,4440,16486,28720,16002,433,1377,1747,13,2,0,13581,199,25,1050,184,5799,164,343,875,12583,3085,0,57,1257,1084,326,3.380646282
KY,2019,2283,152537,170,2797,2,4357,16690,25769,15195,371,1110,1470,20,0,1,12593,150,19,1041,177,5793,101,326,796,12807,2943,0,52,1438,850,299,3.283126637
KY,2020,2502,88721,85,2647,0,4023,13745,20139,9240,289,647,1097,0,1,2,7954,46,28,948,180,4180,22,267,727,12536,2830,0,19,1384,616,222,5.652548203
KY,2021,2411,112285,67,2213,0,3450,12772,21587,0,187,527,1100,8,3,2,6738,29,37,825,228,4251,15,290,616,11472,2689,0,17,1334,720,244,3.488657554
KY,2022,1991,116917,84,1807,0,3179,10966,17631,0,221,431,792,0,1,0,6076,20,29,688,172,3710,10,303,489,10213,1995,0,10,1212,625,245,2.729896735
LA,2014,7212,50843,96,5152,240,8663,7424,23783,3813,127,725,1637,53,0,0,24699,2550,23,1069,294,1440,673,345,1263,21208,1732,112,205,2928,2395,762,6.507692308
LA,2015,8737,55063,117,5214,360,9299,8782,27599,3827,134,683,1389,58,0,0,28241,3464,33,1259,342,1509,618,470,1598,23385,2273,34,392,3425,3271,982,5.331360947
LA,2016,9364,59792,136,5788,308,10708,8046,30052,3756,175,802,1498,79,0,0,26460,3673,49,1444,359,1632,527,516,1708,24764,2398,142,313,3911,3963,1402,3.829039599
LA,2017,8851,58407,131,5959,301,9706,7070,31368,3334,140,799,1642,53,30,35,24916,3170,29,1781,439,1921,597,490,1619,23963,2826,17,261,3661,4096,1405,4.796635272
LA,2018,9159,57781,110,5894,260,8399,6763,34130,3102,140,777,1369,52,9,4,25290,2085,32,1703,402,1920,450,488,1612,23980,3147,13,277,3561,4180,1201,4.245895021
LA,2019,9753,56846,153,5493,246,8531,6841,33591,2641,132,730,1228,106,8,3,24192,2293,38,1616,417,2026,466,484,1383,22055,2777,774,369,3468,4340,1100,4.111222694
LA,2020,9267,39662,107,4443,230,6269,4105,24120,1152,91,482,945,52,4,8,18467,1214,37,1231,413,1222,280,396,1087,18106,2561,57,203,3364,3829,811,6.270094053
LA,2021,6900,17036,74,3156,124,4385,2796,19141,51,82,298,453,124,1,0,11462,772,33,1050,420,764,150,250,749,16339,2354,0,11,3339,2783,444,4.566930312
LA,2022,6809,16677,126,3290,51,3331,2852,19191,61,145,366,687,124,1,2,13763,930,16,1139,275,615,107,285,883,17173,2750,0,4,3184,3704,549,3.958994639
ME,2014,523,15550,42,910,22,1570,5532,5797,16,60,232,646,4,0,0,6128,3127,2,222,14,154,52,69,163,5228,150,0,0,1167,270,207,6.207692308
ME,2015,548,14812,29,854,15,1332,5777,5942,17,46,253,564,8,0,0,5374,2725,7,237,21,84,81,60,182,4938,110,2,4,1014,228,187,6.285207101
ME,2016,560,15019,78,684,9,1319,5844,5433,22,70,229,558,1,0,0,4713,2218,0,207,16,125,105,61,140,4739,94,7,0,1054,150,187,4.350068275
ME,2017,571,14230,60,608,17,1258,5836,3322,20,41,198,522,3,1,0,4685,2181,4,226,13,121,119,75,128,4893,93,8,0,1068,129,179,5.183344421
ME,2018,533,14471,45,562,10,1360,5816,3698,21,48,209,482,2,3,1,4623,2052,1,235,16,137,54,74,135,4894,116,5,1,1035,144,167,4.852564955
ME,2019,527,14473,46,507,3,1236,5454,3624,13,41,146,403,3,0,0,4281,1577,2,200,10,155,51,66,93,4812,99,2,2,981,138,175,4.634812689
ME,2020,519,12170,60,467,20,886,4108,3188,32,21,119,302,1,1,0,3385,916,3,267,13,88,37,67,110,4481,106,3,3,965,130,115,8.356524053
ME,2021,530,10319,59,354,11,823,4390,2842,0,15,71,232,1,0,0,3081,626,5,206,15,90,5,74,72,4345,102,0,1,962,128,78,5.812040312
ME,2022,476,11183,56,363,4,750,4473,2559,0,14,93,255,1,1,0,3936,627,8,220,19,116,26,51,88,4398,79,0,2,864,119,82,3.79323387
MD,2014,6754,75309,356,5880,152,7155,20483,43223,81,250,690,1279,265,0,0,24502,7048,14,1440,239,1941,1005,349,3575,24521,171,251,877,3160,3266,996,5.607692308
MD,2015,6441,66281,338,5348,136,5802,19933,31272,21,206,591,1049,172,0,0,21624,6611,19,1421,286,1922,708,436,3472,22340,110,199,63,2885,3299,829,4.477514793
MD,2016,6407,64104,358,5051,57,5267,19234,32961,17,148,624,1030,136,2,0,20728,5774,28,1669,314,2054,700,442,3512,22752,256,454,144,2958,3673,730,4.105234411
MD,2017,6481,62891,321,4895,87,4802,18727,33663,33,140,520,1113,123,18,2,17993,4206,15,1848,326,1881,731,385,3554,22006,171,135,146,2829,3492,674,3.394541508
MD,2018,6381,58201,311,3909,68,4867,18767,32944,58,114,462,928,76,12,3,15755,4445,15,2047,267,1883,837,484,3304,22116,343,262,207,2585,3744,703,3.191887808
MD,2019,6246,58871,227,3670,36,5111,19064,30817,44,120,398,860,58,10,2,16189,4226,25,1950,245,1857,675,524,3308,22760,283,49,228,2774,3833,741,2.960914447
MD,2020,5793,38587,200,2838,9,2952,13278,19400,19,86,218,542,10,10,1,9619,1766,20,1626,273,1333,143,467,2299,16791,347,2,122,2064,3698,496,4.950839573
MD,2021,3043,15276,39,913,2,950,9605,8888,0,57,79,226,0,6,0,2991,334,14,672,177,312,96,223,1041,4994,356,0,16,867,2238,153,4.642372275
MD,2022,5315,36136,74,1746,6,1514,9812,8796,1,98,90,394,0,3,0,6166,668,14,943,193,860,80,289,1816,10879,291,25,35,1463,3330,289,3.072490175
MA,2014,8864,36917,91,2948,0,6003,8836,11306,7217,148,553,1344,23,0,0,15113,3252,2,658,48,1199,678,286,1507,20819,1274,66,7,2900,1359,455,5.761538462
MA,2015,8638,36893,53,2407,0,4664,9571,10552,6366,133,525,1240,30,0,0,13144,2344,1,605,113,1196,564,290,1241,18883,1231,98,17,2603,1398,450,5.050887574
MA,2016,8318,37469,83,2186,0,4502,10210,10470,5713,136,488,1297,16,0,0,12322,2116,3,671,60,1336,553,308,1291,19642,1218,2,12,2775,1335,424,5.051524807
MA,2017,7845,39028,89,2238,2,4456,9430,9922,5387,128,469,1320,6,9,0,11051,1830,5,647,63,1438,530,350,1223,19678,1226,2,9,2640,1354,421,4.026928329
MA,2018,7413,37523,60,1925,0,4108,9340,8880,5366,113,449,1176,9,6,0,9569,1318,8,575,57,1202,395,372,1135,19288,984,0,3,2459,1322,430,3.832840641
MA,2019,7052,37969,67,1719,0,3880,10395,8588,4768,86,464,1077,18,4,3,8595,1250,8,550,52,1058,377,368,903,18366,913,1,53,2172,1326,423,3.425603126
MA,2020,6242,28988,86,1355,0,2238,7184,6355,1405,47,261,643,11,3,2,5088,607,9,513,58,1175,110,300,682,16140,864,1,12,2115,1296,310,6.278892548
MA,2021,6283,30186,77,1244,0,2186,7523,5412,0,35,209,655,38,6,1,4375,683,6,532,61,833,150,286,588,16435,691,0,8,1994,1331,300,5.390684042
MA,2022,6836,30192,85,1317,0,2216,7668,4432,0,61,347,686,9,6,1,5128,757,4,528,47,961,226,306,463,17017,683,0,3,2070,1440,279,3.399283388
MI,2014,9039,85259,219,3920,456,7098,28972,34408,437,948,544,4120,72,0,0,24244,12778,10,1319,290,4684,395,671,1723,26741,1508,0,169,2406,3722,627,5.784615385
MI,2015,8787,89590,223,3176,405,6755,28044,36112,450,890,532,3882,71,0,0,21559,11311,10,1173,252,4252,618,674,1538,26359,1516,28,221,2510,3395,567,4.868047337
MI,2016,9878,92207,246,3352,336,6718,28276,39344,455,1028,662,3994,55,0,0,22024,11148,4,1445,171,3016,532,781,1481,28144,1681,0,242,2882,4205,717,3.871597633
MI,2017,9533,88320,239,3225,351,6124,27002,33420,356,1175,659,3972,56,1,0,20148,8983,11,1289,259,2812,236,848,1314,28280,1806,0,140,2866,4634,576,3.815787262
MI,2018,10375,85739,205,3045,252,5820,26348,30521,350,1160,705,3778,44,3,3,18975,4793,14,1221,285,2700,220,988,1206,29467,1992,0,105,2900,4798,685,3.501214405
MI,2019,10200,78053,220,2606,187,5401,24730,14031,331,1162,704,3757,76,40,0,18279,3978,28,1288,349,2005,450,924,1290,29262,2214,0,76,3054,5423,644,3.05393957
MI,2020,11051,49438,201,2489,126,3859,21188,11808,194,692,519,2253,23,19,0,11662,2985,44,1292,362,923,235,812,1083,27324,2164,0,56,2759,9520,524,8.934918428
MI,2021,10636,45406,199,2155,112,3357,21628,12807,0,641,300,1674,44,12,0,9917,2821,55,1307,388,784,108,879,898,26323,2167,0,34,2835,10144,584,5.787301418
MI,2022,10381,51761,187,2168,104,3067,21142,11501,0,686,423,2004,27,13,4,11117,2706,42,1628,375,1111,104,821,917,27160,2166,0,50,2837,7881,567,3.922100109
MN,2014,3783,27784,83,2411,1197,10149,20586,19154,1,64,878,2286,28,0,0,24079,11833,13,1086,87,634,617,543,1151,14770,1723,0,184,3094,1797,1159,7.307692308
MN,2015,3980,30021,120,2318,1405,10660,21446,17879,102,40,1006,2782,29,0,0,24719,10132,10,1190,122,827,568,705,1241,14876,1738,6,445,3380,1931,1124,5.569822485
MN,2016,3733,30049,93,2211,956,9515,20255,11128,6,29,1025,2260,12,0,0,22769,8457,11,1324,105,605,374,589,1198,14501,1774,43,201,3231,1852,1105,6.013199818
MN,2017,3949,31034,97,2306,891,9614,21208,20598,12,23,1425,2644,13,148,2,22665,7817,6,1544,108,679,354,601,1157,14884,2021,41,213,3122,2221,893,4.611655754
MN,2018,3836,33813,101,2044,466,9280,20367,20856,31,16,1089,3464,30,101,0,20193,7073,13,1620,103,665,155,596,1013,14938,1989,7,430,2694,1879,883,4.193204289
MN,2019,3936,33371,108,2080,662,9174,20600,19649,28,26,1116,4618,37,121,0,22379,6778,27,1636,101,652,163,686,1166,15592,2017,4,367,2717,2263,829,4.07640033
MN,2020,4024,26713,139,2045,454,5756,18044,15138,19,53,956,3119,18,14,1,16284,4433,36,1291,142,358,31,525,1113,13590,2445,0,265,2576,2501,555,9.544338487
MN,2021,3930,32547,135,1844,261,4689,19410,14283,0,71,703,2494,14,50,0,12836,3713,49,952,138,382,72,552,830,12900,2079,0,253,2314,2519,470,6.134179884
MN,2022,3942,30831,109,1624,250,4347,20452,12624,0,136,668,2460,8,58,0,14523,3192,46,951,176,160,88,498,857,12869,2180,0,59,2013,2647,437,4.356475376
MS,2014,1214,29197,80,1663,129,5345,10054,10396,4616,529,544,1267,101,0,0,9559,1233,13,337,135,3365,124,110,446,8176,682,130,112,816,948,208,4.3
MS,2015,1077,30266,57,1634,107,4885,9603,10894,4722,475,426,1175,100,0,0,8752,1351,15,370,151,2915,45,112,400,7780,786,136,110,762,1090,215,3.830769231
MS,2016,1088,31797,70,1562,91,4487,8909,12146,4057,478,444,1157,67,0,0,7660,1088,16,379,133,2617,48,99,504,7908,804,75,49,892,1217,230,4.599317251
MS,2017,1044,30473,49,1443,92,4512,8556,11859,4191,433,404,952,75,0,0,7629,1055,16,386,133,2419,28,72,454,7122,871,44,110,746,1248,214,3.513199818
MS,2018,978,27767,43,1298,90,3778,7014,10099,3455,338,374,850,80,1,1,6936,863,12,384,91,2295,19,95,363,5966,814,8,77,628,1127,160,3.062553832
MS,2019,1010,27192,41,1223,72,3936,6663,10406,2884,338,360,815,40,2,0,6604,787,19,422,144,2368,75,77,350,5978,725,22,240,659,1113,173,3.235581064
MS,2020,1090,21031,60,1062,77,3827,6905,10351,1689,229,188,530,29,0,0,5248,487,25,431,213,1845,27,95,304,5202,713,55,21,603,1250,150,6.033506236
MS,2021,842,18320,25,649,26,3686,7200,8816,0,223,128,492,9,1,0,3671,289,11,312,85,578,17,89,147,4681,585,0,18,681,949,56,3.956423557
MS,2022,851,16965,28,682,37,3713,7125,8069,0,247,136,510,2,3,0,4075,335,5,268,76,548,3,84,145,4478,469,0,3,431,882,64,2.765878735
MO,2014,7050,93600,212,4648,1033,9494,23066,34541,453,333,1480,2300,116,0,0,32029,7266,54,1849,255,2987,377,503,1770,25978,2699,0,549,4303,2815,1472,7.630769231
MO,2015,7746,76204,194,4656,929,8466,20752,37733,358,330,1395,2520,76,0,0,30582,6330,52,2084,275,2786,415,597,2010,25005,3044,0,971,4457,3268,1415,6.571597633
MO,2016,7645,77221,235,4317,833,8293,20110,42613,354,371,1402,2507,75,0,0,28038,5599,56,2405,342,2726,416,544,1943,24195,3237,0,1227,4154,3768,1360,4.324806554
MO,2017,7282,79647,185,4093,655,7252,19630,43038,323,304,1303,2039,96,15,1,26060,4431,47,2621,355,2667,372,610,1608,22143,2994,1,1097,4032,3702,1330,5.293323063
MO,2018,7137,75654,226,3645,545,6606,15835,39492,272,251,1497,2293,64,4,4,22695,3511,31,2594,388,2386,274,550,1457,21105,3050,0,774,3712,3893,1220,4.984101774
MO,2019,7227,76458,180,3597,474,8126,18710,39541,322,271,1180,2125,36,8,2,20947,3430,39,2674,341,2023,163,540,1326,20705,3711,0,1018,3566,3924,1000,5.483392444
MO,2020,7360,45326,143,3028,519,5670,16161,29816,146,224,846,1709,14,7,0,15686,2092,45,2213,413,1148,43,456,1158,17532,3283,0,413,3766,3305,490,7.85256865
MO,2021,7170,42010,151,2437,312,4783,16217,26516,0,186,793,1339,15,4,0,11714,2241,28,2125,286,869,83,409,904,16085,2205,0,138,3518,2593,245,5.680966819
MO,2022,7082,41955,139,2691,238,4521,17540,23086,0,274,951,1529,19,1,1,12187,2040,42,2010,329,813,66,420,802,15851,2423,0,129,3108,2599,192,4.044689755
MT,2014,843,6150,37,280,413,3143,4496,2190,0,40,62,271,0,0,0,4382,2190,3,227,13,269,8,52,50,3810,36,0,8,859,100,89,6.184615385
MT,2015,956,6122,26,243,369,2837,4221,2400,29,56,96,250,2,0,0,4354,1851,5,275,10,255,6,60,55,3890,46,11,8,909,101,86,5.19112426
MT,2016,1120,7246,43,370,335,3795,5052,2829,927,32,115,260,0,0,0,4301,2231,1,380,19,897,3,54,77,4311,65,1,52,978,126,131,3.061948111
MT,2017,1266,7299,41,313,320,3573,4991,3415,267,38,112,267,0,0,0,4501,2422,1,320,21,629,9,58,107,4662,207,117,33,1037,112,113,3.807639789
MT,2018,1258,7246,30,334,307,2711,4196,3103,308,43,116,208,0,0,0,3870,1659,3,371,14,640,13,81,120,4372,172,46,24,998,88,96,3.285203061
MT,2019,1681,7072,20,345,285,2431,3861,2839,309,36,179,189,1,0,0,4056,1023,2,292,23,679,5,65,89,4304,247,1,22,907,81,115,3.214246389
MT,2020,1995,6662,35,308,185,2349,3943,2398,447,32,120,127,1,0,0,3404,1342,2,321,28,868,4,64,113,4448,191,0,3,1033,72,120,5.962634338
MT,2021,1643,5703,55,320,197,2229,4212,1759,0,29,92,151,0,0,0,3136,1060,3,329,23,459,3,73,102,5015,237,0,29,882,54,126,4.227894949
MT,2022,1531,5818,50,340,194,2231,3871,1486,0,21,89,140,0,0,0,3647,952,4,300,18,414,2,73,127,4771,245,0,6,823,51,189,2.625222688
NE,2014,1729,15556,56,762,161,3208,8621,12149,1,94,335,1440,6,0,0,9761,7201,5,368,45,1253,130,149,295,7189,711,0,62,2401,1030,473,4.692307692
NE,2015,908,10096,51,431,130,1883,5967,9253,28,28,184,868,2,0,0,5352,4502,1,253,10,901,49,114,127,5170,302,2,14,1337,673,278,4.322485207
NE,2016,1479,14737,58,602,144,2808,7497,12383,31,100,282,1408,2,0,0,9131,5217,0,424,40,1289,131,267,303,8479,663,0,16,2249,1135,464,5.896631771
NE,2017,1234,12846,37,553,169,2292,5032,10176,178,51,271,1072,1,0,0,6647,3413,0,357,28,1139,75,205,273,6853,543,0,15,1914,814,326,4.109600504
NE,2018,1599,15930,72,517,131,2608,6779,13716,139,67,316,1382,0,0,0,7722,4123,0,472,42,1427,133,236,332,8941,836,0,25,2254,1108,434,3.777661577
NE,2019,1705,14457,63,526,106,2545,6418,12294,226,70,289,1252,3,1,0,7478,3241,1,479,34,1401,112,273,367,8914,735,5,12,2264,1143,412,3.521358583
NE,2020,1666,11407,77,462,113,2397,5389,8912,331,37,235,890,2,2,0,5844,2457,3,426,57,1251,36,248,316,7903,610,10,11,2082,1073,325,5.663181429
NE,2021,1466,10508,51,257,95,1577,5114,7930,0,22,143,431,2,1,0,2414,2098,7,221,22,655,31,125,91,4515,241,0,620,1393,527,134,3.558706264
NE,2022,1417,10419,63,242,54,1612,4864,7352,0,14,149,478,0,2,0,3031,2135,4,247,30,679,6,124,66,4574,313,0,752,1366,566,107,2.704515866
NV,2014,5610,44121,65,2738,733,1595,8095,12548,212,344,626,1514,50,0,0,9990,4929,0,854,124,949,3827,279,1809,14395,1243,2,1795,1502,1493,1002,3.269230769
NV,2015,5886,42421,60,2688,604,1336,7675,11670,234,338,620,1640,35,0,0,8956,3714,5,810,131,971,3308,341,1996,14005,1525,112,1758,1494,1470,798,3.005325444
NV,2016,6029,49925,53,2524,472,1311,10692,13817,242,331,607,1637,33,0,0,6999,3400,6,900,166,988,2892,257,1905,14037,1584,118,1521,1486,1897,716,2.9282203
NV,2017,5574,52762,60,3168,445,1564,10543,9245,256,237,539,1632,23,42,0,6606,3507,7,882,159,930,2600,359,1556,16153,1795,187,1712,1601,2024,750,2.981688316
NV,2018,6069,60461,79,3157,371,2299,11130,11318,393,289,444,1827,23,25,7,6574,3751,10,760,193,1048,2859,411,1420,17932,1863,35,3194,1645,2256,913,2.92936064
NV,2019,6045,65766,85,3294,361,2964,11771,12902,307,370,522,2121,39,23,13,6696,3463,5,705,128,1078,3170,433,1307,19407,1900,90,3402,1887,2439,1196,3.109950818
NV,2020,4199,40888,104,2171,249,2056,10367,10311,237,246,422,1420,26,24,1,5297,1954,6,593,152,743,2103,367,1196,19678,1863,90,577,2046,2702,762,4.216150063
NV,2021,4180,35351,142,1804,313,2014,11211,8863,0,168,272,993,45,37,0,4803,1295,3,711,163,642,1988,321,1173,20599,1884,0,332,2153,3016,352,2.80893462
NV,2022,4448,36657,161,2210,256,2058,11373,7884,0,209,212,1008,55,45,0,5149,1380,5,837,161,545,2280,287,1296,19892,2100,0,469,2168,2887,434,2.377610355
NH,2014,616,13388,35,430,21,1068,4628,6335,3393,109,235,914,23,0,0,4616,3475,0,85,0,164,64,55,216,5391,732,0,58,1179,115,147,8.230769231
NH,2015,585,12600,20,411,14,993,4939,7619,3409,137,273,876,6,0,0,4203,3277,3,107,10,135,60,57,189,5193,585,0,56,1034,149,130,6.956213018
NH,2016,629,13027,31,347,13,956,4903,8371,3690,129,237,847,7,0,0,3500,2949,2,113,6,164,91,61,180,5153,555,0,65,1182,170,130,5.006463359
NH,2017,699,14640,30,378,11,1007,4888,7966,4246,136,327,875,12,0,0,3310,2526,3,166,10,207,79,70,172,5458,536,0,82,1275,142,105,5.053587059
NH,2018,660,14730,23,326,30,890,5102,6645,3858,104,247,786,4,0,0,3205,2090,1,166,11,189,25,80,154,5764,568,0,98,1279,146,140,4.434891312
NH,2019,511,15496,15,249,10,952,5349,5907,4028,83,244,751,2,0,0,3067,1838,1,152,15,150,49,94,139,5584,480,0,97,1188,127,137,4.133453178
NH,2020,491,13455,22,244,14,820,4089,4596,1770,64,166,465,1,0,0,2347,1440,7,148,3,141,23,73,108,5030,375,0,118,1033,131,103,12.96411178
NH,2021,398,18152,19,210,3,859,4065,4256,0,48,143,384,1,0,0,2153,1634,12,144,5,211,5,73,87,4527,375,0,103,1084,222,121,7.404931676
NH,2022,361,18126,17,153,7,771,3567,3314,0,52,112,306,3,0,0,1862,1046,3,112,10,303,2,71,112,4343,276,0,92,948,234,100,5.515763975
NJ,2014,6623,118242,217,5167,1813,15282,23918,54908,0,331,1176,4985,253,0,0,25046,4180,25,553,261,10152,965,326,3346,22158,2801,0,350,3884,3907,1173,4.369230769
NJ,2015,6583,112400,171,4540,1416,12868,23595,52597,0,292,1044,3690,351,0,0,23426,3770,11,662,209,9809,806,399,3131,22306,2438,0,674,4009,3806,1021,3.466863905
NJ,2016,6515,110807,186,4423,1406,12995,23568,62990,0,323,1053,3945,421,0,0,22112,3294,16,512,201,8902,866,398,3053,22845,2750,0,274,3940,4143,1006,6.738507055
NJ,2017,6001,107648,139,4105,612,12036,22001,64835,0,273,1044,3570,162,0,0,20864,3010,31,509,151,8988,924,348,2680,20866,2645,0,307,3416,4040,1030,2.817555408
NJ,2018,6321,103335,147,3379,367,10841,20859,57552,24,253,941,3831,161,0,0,18350,1698,21,598,165,8514,798,339,2234,20013,2486,2,204,3021,3546,1079,2.639811954
NJ,2019,6709,92054,121,3310,402,11321,21386,55954,66,212,950,3890,169,5,19,18210,1827,21,649,187,7379,770,357,2068,20588,2488,210,169,3073,3800,1029,2.572293227
NJ,2020,6671,47703,159,2783,217,7642,14403,37845,69,107,580,1939,65,23,6,12600,927,13,589,164,2659,300,328,1781,18879,2454,56,143,2833,3642,778,6.39786871
NJ,2021,4059,25005,81,1205,57,3566,9913,9272,9,70,286,620,8,0,20,6533,173,10,417,176,1195,181,211,888,11615,1316,7,83,1572,2448,532,3.630605285
NJ,2022,5928,37961,130,2030,90,4902,12810,10278,14,137,614,936,12,0,18,13347,244,29,621,163,1023,299,233,1255,17467,1930,38,225,2160,3790,583,2.586969637
NM,2014,3797,43921,55,1573,0,2661,8562,6611,80,199,231,648,6,0,0,10143,3054,8,374,114,1420,162,145,267,9267,817,19,63,1097,571,140,6.792307692
NM,2015,3926,41972,337,1253,5,2873,9844,8569,2782,209,301,613,1,0,0,10130,2933,9,466,92,1693,62,134,402,9852,1195,46,104,1374,661,139,5.784023669
NM,2016,4030,40584,650,1114,10,2267,8274,8340,1959,267,322,746,1,0,0,9393,2406,12,552,79,1444,47,136,408,9617,1662,58,255,1395,688,108,4.909194356
NM,2017,4218,41874,474,1292,1,2104,8114,7727,1770,164,272,605,1,0,0,7045,1814,13,420,61,1610,37,127,474,9219,1537,13,103,1177,555,131,4.569727951
NM,2018,4454,42346,52,1112,1,1924,7876,6804,1999,146,218,477,3,0,0,6381,1638,7,454,85,1579,91,114,471,9419,1253,12,61,1183,657,77,4.051517535
NM,2019,4049,37067,46,976,14,1984,7538,5434,2136,156,173,459,3,0,1,5808,1616,3,415,84,2032,48,99,339,8929,974,15,92,1436,662,85,3.49627058
NM,2020,3480,23209,44,865,2,1456,5520,3929,1458,103,69,187,5,2,0,4273,1029,8,397,52,2699,35,77,284,7667,873,10,89,1605,673,52,8.992020814
NM,2021,2955,14961,32,747,0,1331,4601,2716,0,98,41,156,1,0,0,2922,889,6,323,59,872,12,66,235,8936,753,0,66,1549,565,44,6.791693909
NM,2022,2613,14123,39,803,2,1411,5218,2787,0,90,58,177,0,0,0,3907,797,5,345,44,953,16,26,203,9163,1066,0,121,1563,600,43,3.907053378
NY,2014,8531,47476,298,7198,0,8731,30546,64385,0,52,2713,5378,82,0,0,47495,2467,15,1778,216,551,923,469,3614,32185,4227,0,797,15000,3437,2159,6.607692308
NY,2015,8698,47286,282,6427,0,7287,30361,25013,0,74,2795,5045,78,0,0,45308,1873,11,1811,268,604,869,1164,3646,31396,3756,0,731,14915,3535,2007,6.600591716
NY,2016,8765,44971,242,5950,0,6498,29984,25817,0,64,2852,4481,74,0,0,42550,1609,18,1856,263,611,632,1122,3337,30120,3527,0,566,15042,3677,2011,5.145744197
NY,2017,8594,44355,298,5480,0,5588,28533,76716,0,48,2730,4417,102,0,0,39002,1498,13,1812,274,576,688,1015,3236,29039,3368,0,629,14351,3583,1787,6.095269773
NY,2018,8146,42343,282,4696,0,5271,27000,76108,0,37,2207,4142,45,0,0,36890,1106,11,1901,263,536,599,994,2798,28321,3006,0,593,13410,3354,1894,5.015020752
NY,2019,7622,36877,226,4060,0,3983,26268,57667,0,26,1814,3625,33,0,0,34087,734,21,1795,200,538,502,1019,2287,25270,2334,0,757,12390,2896,1634,4.962693904
NY,2020,7187,25643,227,4558,0,1925,18284,35288,0,22,1408,1603,37,0,0,26119,259,8,1916,278,324,178,756,1911,20200,2467,0,146,11073,2832,1194,7.6971303
NY,2021,2528,12251,114,1317,0,701,4256,4160,0,16,257,321,7,1,0,7789,171,5,760,94,41,14,205,621,7830,560,0,16,4358,1152,278,7.107471562
NY,2022,7478,32255,258,4512,0,2035,21583,15490,0,49,1733,1395,27,0,0,28151,419,24,2190,274,633,136,784,1906,22162,2508,0,71,11463,4102,1343,4.262113197
NC,2014,12995,122487,286,13152,10,9432,41407,36919,0,1301,1937,13246,155,0,0,47989,5844,46,1169,518,6904,512,422,3485,49982,4041,0,311,6967,6647,1319,6.353846154
NC,2015,11548,104782,258,11392,20,8229,40058,25140,0,1347,1773,11550,128,0,0,43260,3752,53,1132,543,6297,486,392,3443,46765,3960,0,135,6150,6044,1202,5.319526627
NC,2016,11639,102548,266,11392,15,7021,36836,26219,0,1392,1759,10566,106,0,0,40639,3437,66,1211,702,5864,370,383,3614,45845,4117,0,15,5735,6294,1146,3.074738279
NC,2017,11426,106175,241,10770,22,6816,34532,34041,0,1483,1805,9523,72,0,0,36282,2882,54,1509,605,5900,461,329,3230,41668,4443,0,14,5535,6774,1156,4.654553412
NC,2018,10729,107030,226,9414,5,5829,33628,38768,0,1247,1452,7674,70,0,0,32597,2329,64,1724,656,5981,348,340,3282,37522,4359,0,42,4929,6278,1019,4.142657955
NC,2019,7217,101912,221,6061,21,3549,14829,37950,1591,757,855,3512,29,1,0,23843,1679,19,1158,424,3741,252,243,2185,24057,3665,0,33,2950,3239,344,3.87251215
NC,2020,8131,88501,261,6579,33,2799,13478,37918,855,684,719,2969,21,0,2,22072,1391,39,1436,535,3131,182,241,2320,24370,3799,0,93,3048,3696,412,9.390193242
NC,2021,8222,107641,240,5458,30,3197,14360,37363,0,634,562,2503,25,1,4,17021,1528,40,1378,614,2992,98,257,1789,23680,3613,0,216,3017,4375,447,7.199245634
NC,2022,7351,102688,210,5273,7,3029,13661,33156,0,720,520,2463,31,0,0,16440,1377,46,1323,509,3254,97,240,1542,23368,3460,0,145,2707,5146,406,4.476865049
ND,2014,497,6671,15,236,87,1668,6739,3938,374,62,104,431,0,0,0,2730,3556,6,200,19,108,47,56,56,2373,156,0,2,443,359,70,6.130769231
ND,2015,643,8418,22,313,105,2315,6879,4981,975,50,132,340,3,0,0,3209,3241,5,265,19,582,49,54,50,2946,319,6,2,515,449,129,5.694674556
ND,2016,757,11067,172,335,124,2647,6342,5658,698,60,132,366,0,0,0,3014,3167,8,277,14,827,23,55,76,3251,349,4,7,534,382,99,5.070914884
ND,2017,769,12010,18,352,107,2502,6404,5656,685,53,161,414,1,1,0,3143,3124,2,297,6,674,38,67,68,3078,309,1,7,497,319,119,4.572749554
ND,2018,736,11188,11,278,106,2048,5575,5719,489,34,149,377,1,2,0,2688,2796,6,267,12,632,11,69,63,3238,284,0,8,468,353,87,4.03636535
ND,2019,736,10627,21,326,69,2252,4914,5365,328,50,171,501,2,0,0,2666,2553,8,287,18,519,19,71,64,3163,316,0,1,518,311,105,3.879720412
ND,2020,953,10063,22,389,170,1847,4629,4804,418,39,180,565,0,0,0,2349,2700,7,348,28,425,14,58,69,3376,352,1,8,514,295,86,7.013824647
ND,2021,665,9176,36,343,79,1481,4119,4209,0,31,114,563,1,0,0,1937,2098,6,235,11,360,6,53,54,3146,348,0,0,533,253,90,5.039524973
ND,2022,702,9437,39,371,104,1368,4451,3854,0,34,117,538,0,0,0,2410,2227,8,298,19,332,3,46,82,3289,273,0,0,507,262,100,3.749194229
OH,2014,4104,56005,206,4992,502,16913,36190,37310,2656,53,1159,2604,35,0,0,34422,8692,5,781,222,1982,1558,507,2214,33443,3461,52,27,4012,3341,703,2.630769231
OH,2015,3902,56769,219,4411,622,16259,35613,34858,1785,26,1085,2382,64,0,0,33251,7132,5,814,181,1918,1279,457,2084,32338,3299,36,84,3691,3399,673,2.771597633
OH,2016,4792,62403,276,4103,549,15545,26571,38708,2168,21,1086,2369,41,0,0,31274,6330,19,718,223,1737,1339,505,2011,31289,3758,31,102,3801,3898,606,4.630678198
OH,2017,6331,64689,299,4648,568,13468,16127,41394,4782,22,1057,2390,23,1,0,32102,5610,9,992,272,1765,1167,491,2268,36807,3374,6,159,4235,4448,521,2.644210637
OH,2018,6778,64775,285,3979,408,10859,14995,42702,6129,19,888,2319,26,0,1,29359,5181,13,988,280,1437,815,548,1994,37176,3013,4,53,4062,4440,500,2.426477741
OH,2019,7272,60651,273,3937,365,10739,14393,35624,6106,23,640,2177,21,3,0,28167,5350,20,947,273,1090,417,489,1961,37854,2736,21,17,4110,4661,594,2.186652134
OH,2020,6587,46241,258,3449,353,9171,11737,20466,2809,17,382,1466,5,8,0,19847,3793,14,892,330,791,280,435,1600,33976,2170,14,11,3614,5034,520,4.775896318
OH,2021,5181,41519,152,2646,214,8290,11874,20543,0,4,190,1125,6,1,1,15367,3813,10,1016,289,473,378,352,1217,31409,1782,0,5,3431,5918,330,3.198145871
OH,2022,5301,43113,160,2812,193,7868,12030,18736,0,17,223,1168,2,1,0,17358,3584,5,1278,262,510,249,365,1205,33876,2225,0,1,3478,4879,328,2.169088144
OK,2014,3677,30093,163,2367,1002,2126,12894,17726,16347,487,556,1625,40,0,0,16329,1614,10,597,131,745,140,241,732,8847,2545,0,696,1177,2033,476,5.884615385
OK,2015,3841,27131,146,2180,1044,2330,11653,19061,14655,514,607,1727,12,0,0,15980,1553,21,600,184,677,8,235,725,8859,2547,111,201,1382,2276,446,5.021893491
OK,2016,3740,22929,215,2130,1069,2004,12440,22573,13712,391,691,1664,35,0,0,13286,1440,20,653,185,629,6,217,662,8392,2816,9,34,1245,2252,418,4.812335002
OK,2017,3777,23742,148,2316,860,2116,11007,20996,12982,410,622,1509,51,10,2,11298,1414,11,730,161,560,358,183,726,8278,2908,2,59,1284,2250,461,4.97468576
OK,2018,3995,24388,175,2455,652,2224,8923,18745,11044,364,557,1369,28,32,0,11486,1219,10,889,145,641,262,226,656,8020,3040,5,14,1253,2492,382,4.536514289
OK,2019,3696,23914,183,2475,577,2136,9085,16283,9522,409,517,1185,10,40,4,11662,828,11,1368,164,537,141,164,584,8619,2647,0,258,1415,2759,376,4.210501099
OK,2020,4092,19693,185,2321,375,1965,8577,12086,7010,309,396,1052,4,27,0,9401,587,17,1536,174,424,159,150,604,8170,2157,1,52,1682,2987,322,7.977730854
OK,2021,3480,23256,149,2205,246,1772,8952,12215,0,135,253,685,6,8,0,7429,670,20,1452,147,299,187,130,376,8557,1605,0,92,1591,2764,134,5.352133143
OK,2022,3575,23146,160,2142,281,2343,8574,12188,0,193,297,736,0,6,0,7784,775,15,1288,150,302,167,140,393,8950,1262,0,106,1585,2799,162,4.127087165
OR,2014,2723,19722,196,2054,879,8860,13081,19310,0,28,537,2052,0,0,0,19138,9403,15,1341,62,398,316,215,878,10765,454,0,2,3764,1975,874,4.384615385
OR,2015,2360,19547,170,1585,516,6157,10754,13110,27,30,412,1471,2,0,0,13486,5944,4,1076,52,376,134,139,505,8052,449,0,1,3010,1464,559,4.298816568
OR,2016,2972,49994,228,1833,535,7099,14974,14827,6,45,616,1902,1,0,0,17309,5143,10,1573,77,365,282,164,848,10802,603,0,5,4232,1843,558,5.349021393
OR,2017,2937,46007,228,1571,505,6938,14430,16444,18,52,696,2036,0,6,2,14866,4021,10,2039,72,416,310,210,753,10762,629,0,23,4155,2214,473,4.079282938
OR,2018,3585,50184,301,1992,362,7143,14660,15710,31,73,723,2205,1,1,0,16014,3299,22,2118,60,385,250,286,915,11819,675,0,3,4065,2447,420,3.352252534
OR,2019,4048,49940,315,2065,291,7493,13377,15050,28,99,758,2338,1,2,0,16869,2932,27,2212,57,381,139,305,907,11989,626,0,2,4073,2402,512,3.150173272
OR,2020,4103,35143,437,2342,221,6521,11069,9683,3,58,519,1407,1,0,0,12594,1847,23,2133,73,291,45,217,946,10747,643,0,16,4119,2260,377,6.073090252
OR,2021,4304,33941,473,1924,80,4876,12218,4393,0,46,354,1207,1,2,0,9439,929,30,2234,83,209,211,228,913,10201,846,0,12,4175,2256,369,4.174853096
OR,2022,4069,35308,388,2088,59,4817,12183,3254,0,46,440,1224,0,1,0,11304,1096,15,2311,99,210,105,187,910,10100,986,0,52,3661,2076,315,3.113450238
PA,2014,14336,61926,483,8167,15417,41691,47779,58791,23610,455,2297,7651,92,0,0,51764,14374,41,2401,408,1846,2355,1105,5647,43594,2542,0,489,7856,4811,2321,6.684615385
PA,2015,13258,55653,472,7265,12156,39577,46981,56991,22167,443,2486,8446,64,0,0,48230,11484,41,2372,501,1920,1835,1110,5238,43817,2500,0,391,7613,4547,2508,5.56035503
PA,2016,13101,47961,436,6623,7353,36978,46626,57834,21361,497,2418,8517,108,0,0,44407,9768,57,2464,410,1875,1916,1049,5008,41692,2534,0,273,7339,4991,2299,5.312835685
PA,2017,13918,47365,362,6191,6744,36072,45578,64200,21311,479,2438,7874,53,0,0,41980,9490,73,2443,461,2049,1784,1177,4921,42753,2464,0,309,7283,5103,2270,4.116333462
PA,2018,14263,43354,346,5261,4867,31671,44167,63413,20000,448,2271,8342,34,0,0,36652,6747,84,2542,516,1901,1296,1177,3946,41351,2285,0,244,6351,5108,2419,4.047410266
PA,2019,13185,42479,312,4529,4055,27239,40933,57369,17189,438,2109,5649,58,1,3,33030,5535,53,2259,474,1790,1000,1033,3804,38712,1914,0,206,5781,5017,2177,3.74980079
PA,2020,10305,29075,340,4073,1239,20007,21276,36919,9647,248,1105,3096,144,7,14,20502,2814,59,2049,519,1268,343,672,2741,24107,1435,0,191,4322,5118,1450,7.319215445
PA,2021,4039,12359,161,1339,46,4571,23096,19651,230,62,585,784,53,5,3,7304,540,26,1005,198,377,65,285,922,18581,587,0,1148,1964,3088,293,5.37070888
PA,2022,8122,26511,238,2985,251,14751,30134,28091,5052,203,1113,3054,103,1,3,19774,1791,52,2071,488,980,359,601,2134,29396,1477,0,1178,3853,5580,1219,4.228516068
RI,2014,585,11462,49,644,17,2784,2723,1905,5,120,104,509,19,0,0,2549,704,0,118,14,116,85,61,123,4057,313,0,3,937,352,94,5.984615385
RI,2015,612,9668,29,489,13,2418,2590,1747,12,91,101,436,5,0,0,2115,588,0,116,18,76,98,94,155,3922,310,0,0,988,394,87,5.437278107
RI,2016,649,9614,36,596,12,2239,2724,1745,10,87,111,587,18,0,0,2124,480,0,127,18,68,80,85,143,4004,341,0,0,1037,465,91,4.994538006
RI,2017,709,8547,31,585,12,2204,2498,1967,9,110,97,491,9,8,0,1939,452,1,157,11,84,79,91,157,4129,326,0,1,1039,429,75,5.003770876
RI,2018,675,8522,12,497,18,2276,2423,2031,11,75,124,554,4,2,0,1997,337,2,158,4,74,63,77,192,4171,352,0,0,918,348,82,4.461828529
RI,2019,682,8357,45,485,14,2251,2482,1843,28,108,160,592,5,6,1,1843,278,1,141,10,77,43,105,109,4052,277,0,4,933,362,87,4.335525271
RI,2020,797,6211,33,386,18,1626,2051,1423,23,46,93,226,2,0,0,1177,432,0,154,15,56,8,72,95,3306,266,0,0,837,332,56,8.564271175
RI,2021,691,7426,29,350,12,1545,2798,1637,0,49,115,254,1,0,0,1008,402,0,163,13,91,4,79,86,3363,265,0,0,878,476,60,6.22802086
RI,2022,561,7491,34,417,3,1993,2660,1293,0,61,117,293,5,0,0,1196,314,1,182,17,57,2,86,92,3632,216,0,1,812,493,69,4.494463143
SC,2014,5612,33621,135,4071,39,13713,17181,30787,9798,406,1491,4348,114,0,0,25055,8054,5,851,253,1477,649,360,1321,20242,2100,0,703,3114,2027,417,7.869230769
SC,2015,5220,29895,119,3577,24,10425,17034,28996,8285,407,1327,3778,131,0,0,23047,6667,9,842,284,1361,599,360,1124,18848,1990,0,522,3100,2046,342,6.166863905
SC,2016,5287,30586,126,3498,31,8938,16146,31766,7186,359,1187,3644,51,0,0,20931,5185,12,992,299,1286,591,441,1226,17344,2097,0,428,2928,2421,326,3.020983159
SC,2017,5518,32097,122,3692,32,9299,16236,35858,6556,420,1362,3944,44,6,4,21635,4705,9,1145,328,1294,383,509,1296,16771,2308,0,505,3021,2583,318,4.57021813
SC,2018,5536,29195,152,3485,35,9237,15815,37963,6117,361,1230,3630,82,7,1,20311,4482,9,1212,327,1311,291,568,1284,17254,2578,0,597,2795,2869,314,4.074632164
SC,2019,5576,27692,130,3302,11,8814,9777,33733,5606,441,1243,3561,47,4,1,20352,4266,13,1210,350,1238,284,494,1149,16949,2472,0,584,2983,3185,309,3.59035632
SC,2020,5838,28757,135,3023,30,7775,11515,29452,3162,233,895,2606,29,4,0,18043,3594,10,1214,440,841,184,448,1029,15490,2651,0,495,3029,3481,254,8.776181255
SC,2021,5671,32202,141,2602,17,7304,11630,29129,0,202,797,2281,51,2,0,13738,3851,21,1186,492,924,69,438,870,15870,2415,0,378,3072,3922,287,5.75970625
SC,2022,5642,34867,147,2539,5,6829,10927,28181,0,232,735,2102,48,4,2,13522,3392,18,1022,411,914,66,397,670,16421,1953,0,639,2971,4373,273,3.412285096
SD,2014,775,8034,27,318,149,2302,6128,4965,111,34,75,636,0,0,0,3186,3288,3,135,10,371,52,51,63,3856,92,0,419,471,159,61,6.276923077
SD,2015,1304,12025,31,336,169,3940,7862,6681,9062,34,71,742,1,0,0,3201,7928,7,248,17,1210,50,67,71,4536,121,177,447,573,242,75,5.928994083
SD,2016,1306,20555,18,399,140,3678,8893,7454,3884,41,107,713,1,0,0,3025,4375,1,315,25,1541,26,56,61,4709,190,55,474,525,312,70,4.826854802
SD,2017,1573,16372,15,448,184,3642,8296,7950,6941,33,102,747,1,0,0,2501,5109,1,326,20,2384,33,83,78,4915,220,69,568,632,337,91,4.261118308
SD,2018,1275,15547,25,315,82,2782,6622,8446,3710,31,130,819,1,0,0,2347,2671,6,241,12,881,16,68,76,4843,174,50,623,586,283,64,3.443162947
SD,2019,1193,15373,18,298,64,2694,6051,8276,1910,24,166,789,1,0,0,2085,3740,11,302,15,793,21,76,62,5109,193,1,632,571,325,53,2.834089457
SD,2020,1924,11576,28,303,74,2465,6200,7511,6857,17,127,578,1,2,0,1656,2404,16,395,23,1107,5,41,67,5234,268,2,561,504,286,50,5.741083804
SD,2021,1204,20550,23,230,55,3608,6763,6095,0,12,148,556,3,0,0,922,1599,15,287,11,849,8,47,52,4479,168,0,600,430,370,48,4.118544908
SD,2022,1218,17676,31,299,59,3444,5965,5357,0,25,116,494,0,0,1,1116,1469,6,351,28,883,5,50,93,4870,199,0,502,504,365,60,3.324503454
TN,2014,14622,144253,241,6081,1555,8710,27174,41969,17729,767,1718,6735,207,0,0,36630,6981,10,2166,312,3573,1399,370,2093,31627,749,0,7,4715,3018,635,3.346153846
TN,2015,14487,139821,140,5529,1709,7371,23927,39778,16445,822,1917,6228,159,0,0,35712,5679,14,2318,335,3873,1294,358,1989,30920,820,0,12,5011,2564,694,3.072781065
TN,2016,13289,145510,192,5547,1256,7358,23631,46089,14720,758,2018,6104,178,0,0,31435,4435,19,2801,286,4133,1174,305,1934,32266,1087,0,25,4731,2861,613,4.641647701
TN,2017,12435,154638,192,5462,1237,6828,20144,49149,15279,687,1879,5647,149,23,1,30380,3918,27,3549,375,4332,959,478,1882,32951,1509,0,5,4756,3143,640,3.047767935
TN,2018,12307,151438,150,4810,885,6182,20212,50859,14305,752,1849,5501,76,3,0,31570,3470,27,3977,419,4474,540,477,1852,32498,1657,0,9,4376,3027,597,2.811366764
TN,2019,12207,143053,162,4846,723,5909,19588,47202,13392,811,2074,5149,57,20,5,29053,3066,34,4124,386,3906,498,488,1755,32622,1566,0,13,4447,2962,588,2.785489751
TN,2020,11841,103162,156,4419,476,4241,18347,40249,9105,466,1443,3856,31,11,0,23648,1968,39,3998,423,2287,295,359,1417,28047,1837,0,9,4191,2948,464,4.114268442
TN,2021,11746,115695,189,3959,449,4729,19605,44179,0,420,1439,3561,33,64,0,18203,2096,35,3777,410,2250,362,399,1196,28477,1982,0,5,4319,3614,524,2.754943726
TN,2022,10479,114659,151,3509,335,3948,17659,37009,0,498,1550,3119,21,30,0,17260,1966,24,3306,344,2142,425,328,915,25983,1717,0,9,3711,3049,408,2.119611056
TX,2014,21342,250896,530,14886,3000,12305,70583,139685,76072,525,5030,8183,597,0,0,109800,13008,118,4694,748,5210,5121,2008,6317,95860,1085,0,1080,9223,9671,3611,6.638461538
TX,2015,22062,255703,464,13118,3074,11333,72648,133424,78686,661,4905,6932,678,0,0,99377,11195,80,5605,766,5194,4988,2130,6981,96536,959,6,1006,8622,10980,3272,5.649112426
TX,2016,22229,254854,416,12516,2520,10745,69323,143275,73308,926,4795,6687,495,1,0,78857,11160,92,5922,906,4411,4518,2347,7212,95863,1073,0,2200,8274,12578,3051,3.36304051
TX,2017,22528,235550,493,11348,2367,9476,69923,146747,67268,806,4724,6482,368,43,15,66895,9496,108,5547,880,4452,4744,2463,6797,97307,958,26,909,7702,13905,2950,3.832834985
TX,2018,26920,223031,434,9649,1689,8049,73972,148575,58849,457,4627,6910,348,35,55,63674,9165,80,5447,786,4425,4029,2189,5954,96909,945,4,532,7656,13860,2592,3.525602691
TX,2019,27629,196222,466,9202,1316,7486,72242,128448,52657,360,4233,7488,318,54,29,59632,8235,63,5818,768,4025,3015,2222,6029,80441,859,27,549,7567,12202,1692,3.355815592
TX,2020,24851,132473,470,8388,1093,5969,61161,89186,31767,242,2835,5579,162,58,37,43471,5287,83,6201,1059,3414,1514,1890,5526,79964,948,3,678,6696,13971,1240,7.211985815
TX,2021,24014,170708,562,7473,461,5679,63252,85870,0,219,2123,5597,153,31,44,37295,5083,92,6836,1138,2191,1935,1808,4740,81693,1080,0,714,7403,17246,898,4.700921986
TX,2022,24078,179231,561,7486,418,5665,58645,85347,0,233,3259,6512,181,33,60,43022,4390,99,7658,1022,2359,1647,1735,4634,86449,1050,0,569,7669,17449,882,3.469301691
UT,2014,1513,40878,88,1144,918,3670,8134,14653,4259,31,754,1158,0,0,0,18088,6093,4,424,44,1318,193,243,438,9951,1017,3,78,3036,1102,821,5.238461538
UT,2015,1751,40645,70,1185,821,3565,9128,15443,3341,35,737,1095,1,0,0,17980,4701,14,463,34,1456,195,252,443,10178,1098,98,43,2932,1164,816,4.541420118
UT,2016,1667,37931,80,1062,531,3186,9200,16415,3154,21,726,978,5,0,0,15694,4357,4,495,50,1449,195,285,415,9663,1084,12,40,2881,946,701,3.159171598
UT,2017,1754,41019,69,1040,462,2643,8593,19719,3047,32,842,1053,4,1,0,14831,4237,2,549,60,1581,376,264,448,8946,1306,12,43,2806,963,745,4.364742131
UT,2018,1762,39220,62,954,323,2408,7565,20423,2983,38,749,1071,2,1,0,13714,4011,8,554,40,1562,388,328,438,8780,1049,8,89,3022,953,747,3.935749395
UT,2019,1967,35071,89,914,239,2539,8442,17465,3086,48,664,923,3,38,0,13241,3677,7,418,61,1809,211,364,360,9035,1001,12,54,3046,971,772,3.556596107
UT,2020,2086,27291,76,918,282,2167,8849,13468,1748,36,531,776,1,25,1,11000,2917,18,480,63,1879,71,326,363,8439,1226,1,36,3011,904,543,7.404353547
UT,2021,2168,29690,97,841,288,2259,8821,14930,0,25,472,764,0,12,0,10115,2656,6,432,60,1625,56,391,347,9407,1044,0,13,3243,930,490,5.784950273
UT,2022,2191,31702,88,844,216,1903,8879,14754,0,18,398,807,2,1,0,10945,3171,12,412,68,2193,34,375,355,9658,892,0,14,3205,1069,461,4.021919252
VT,2014,416,4026,15,223,0,711,2404,713,1,48,39,225,0,0,0,1291,112,0,32,12,207,14,43,26,1363,114,0,0,280,20,34,3.653846154
VT,2015,444,4106,10,216,0,783,2303,713,1,65,39,215,0,0,0,1356,125,0,35,7,179,4,46,42,1346,103,0,0,310,20,27,3.519526627
VT,2016,428,4323,12,247,0,821,2365,859,1,71,36,194,0,0,0,1340,106,0,29,5,189,10,54,34,1314,114,0,0,321,24,36,4.032771962
VT,2017,570,5030,18,291,0,875,2694,1203,0,51,64,277,0,0,0,1409,130,3,33,13,195,4,79,40,1438,103,0,0,393,31,45,3.181772347
VT,2018,537,5058,20,220,0,856,2634,887,0,58,58,323,0,1,0,1350,87,2,56,13,205,1,89,40,1507,95,0,0,322,38,42,2.937059411
VT,2019,686,5262,14,252,0,933,2698,917,0,58,50,316,0,1,0,1620,63,10,75,10,221,3,95,53,1691,96,0,0,429,40,35,2.572081493
VT,2020,642,3764,29,204,0,641,1954,757,0,37,41,183,0,0,0,1011,52,3,63,11,211,1,72,38,1480,80,0,0,350,22,35,4.674775499
VT,2021,704,2676,25,195,0,466,1459,781,0,36,35,146,0,0,0,940,36,3,83,9,163,5,80,35,1464,83,0,0,502,29,28,2.905751961
VT,2022,728,4066,15,210,0,427,2254,704,0,36,52,172,0,0,0,1347,46,6,103,11,15,1,90,56,1541,85,0,0,354,29,40,2.346596305
VA,2014,4655,104633,216,3534,1131,4196,24101,37047,26439,1630,1908,5873,53,0,0,31247,7726,17,826,280,2304,932,494,1600,34634,890,0,223,4019,3288,859,4.0
VA,2015,4644,100267,189,3213,987,3293,22176,36162,23033,1489,1865,5479,25,0,0,31052,5713,19,871,307,2051,1016,496,1551,34188,864,0,222,4114,3478,709,3.569230769
VA,2016,4932,93797,153,3071,768,2999,20341,39105,20358,1430,1966,5343,20,0,0,27097,5310,16,1034,368,1822,909,496,1790,33037,948,0,157,4239,3655,718,5.244105599
VA,2017,4749,95746,201,2809,769,3076,20920,44562,20444,1444,1781,5156,22,0,0,24569,5147,14,1104,325,1776,633,439,1647,31771,1057,0,184,3930,4242,624,3.019936277
VA,2018,4718,96361,201,2367,623,2934,21481,46689,19967,1291,1578,4972,11,0,0,23690,4596,34,1215,348,1612,396,522,1420,30956,1102,0,57,3593,4142,573,2.524610483
VA,2019,4811,97585,168,2127,529,2858,21114,44343,20005,1172,1503,4909,102,8,0,23834,4458,27,1039,302,1439,515,543,1348,30066,947,0,35,3252,4221,588,2.132662345
VA,2020,5014,74091,148,1830,390,2015,17042,28148,12899,814,1045,3805,10,8,1,18194,1612,39,1095,345,1073,265,471,1061,27560,828,0,64,3323,4667,497,5.440974027
VA,2021,4957,85037,167,1637,244,2409,16907,15142,0,642,837,3853,12,11,0,15143,1158,55,1046,387,1124,253,503,977,27754,752,0,8,3251,4544,575,3.833921079
VA,2022,5074,84921,155,1720,178,5552,17328,13398,0,680,1020,4371,12,26,0,17600,1679,49,1172,341,1042,222,483,1170,28006,885,0,17,3162,5076,572,2.717993929
WA,2014,5252,55000,211,5029,12,3304,27004,11016,12,66,1019,1000,0,0,0,29608,3970,11,1261,141,500,547,490,1874,26446,3465,0,146,5154,1750,680,5.138461538
WA,2015,5411,65998,197,4945,6,3151,24849,11163,102,58,865,960,4,0,0,27644,3449,5,1444,159,464,434,514,1839,26679,3188,544,112,5306,1813,640,4.426035503
WA,2016,5815,62192,168,5132,3,2626,23504,11427,46,64,903,1040,0,0,0,24729,2648,9,1618,119,337,530,508,1726,25802,3567,154,107,5349,1797,657,6.129085116
WA,2017,5942,58965,172,4778,0,2502,25697,12060,114,53,887,1075,1,3,1,21548,2293,8,1638,156,424,613,539,1911,25565,3525,27,131,5266,1807,527,3.694828612
WA,2018,6402,62978,189,4612,14,2662,28672,11897,88,62,755,1294,7,16,3,21005,1856,11,1647,162,306,219,590,1888,26627,3555,7,137,5072,1943,549,3.061140662
WA,2019,6211,60861,186,4127,6,2697,26855,12133,90,38,743,1303,3,31,23,20453,1650,8,1296,138,336,400,597,1897,26946,3178,10,173,4835,1983,542,2.781626205
WA,2020,6103,45759,242,4663,8,1933,22380,8145,68,23,483,944,1,15,1,16298,1109,24,1415,199,246,210,542,1738,24126,3128,18,169,5018,1724,499,6.221663554
WA,2021,6058,37848,267,4420,3,1572,21003,2049,0,17,308,686,3,22,0,12458,528,16,1187,178,167,136,518,1489,23044,2979,0,148,4659,1591,433,4.063204889
WA,2022,6473,38636,260,4529,0,2008,22179,1365,0,27,315,682,5,17,0,15362,564,32,1380,206,181,101,561,1742,23614,4317,0,277,4888,1825,351,2.927938838
WV,2014,1737,13978,28,825,5,746,5269,6428,1451,164,330,625,8,0,0,6802,1316,1,224,60,87,82,99,169,5564,330,0,31,721,349,140,5.953846154
WV,2015,1780,14127,46,863,16,793,5487,7005,1187,170,362,692,2,0,0,6786,1074,0,241,45,132,66,95,174,5815,405,0,27,868,488,135,5.473372781
WV,2016,1888,14922,43,938,10,750,5451,7169,776,113,385,628,3,0,0,6002,747,1,284,51,164,98,110,190,5586,422,0,31,703,525,117,3.95389167
WV,2017,1813,13888,41,845,9,853,5029,8213,989,96,296,500,0,0,0,4656,947,1,306,53,171,121,88,140,4963,492,0,28,699,439,75,4.688008123
WV,2018,1388,12131,29,605,9,919,4236,7517,867,61,264,320,3,0,0,4091,651,0,235,44,138,77,69,78,3681,400,0,24,614,431,79,4.445231394
WV,2019,1328,10707,32,553,6,760,3621,7043,820,47,209,294,1,11,0,3902,479,1,228,53,168,40,69,77,3874,339,0,17,488,426,45,4.249633184
WV,2020,1281,9695,43,644,3,565,2994,6976,312,21,184,243,0,14,0,3312,326,9,232,69,142,17,109,97,4086,331,0,9,514,532,56,8.12689486
WV,2021,1246,11450,55,620,1,643,2884,7630,0,16,129,196,0,9,0,3276,429,4,217,43,188,42,99,46,3849,382,0,21,457,439,61,5.432838066
WV,2022,1027,10291,28,487,11,553,2206,5670,0,22,107,180,0,6,1,2896,220,6,111,42,78,81,62,47,3440,210,0,24,373,337,52,4.271756774
WI,2014,5085,88859,144,3206,2856,39246,24689,25133,0,260,1001,3110,100,0,0,32923,17682,58,1175,181,2710,675,709,1693,16062,1540,0,1611,7124,4006,2264,6.515384615
WI,2015,5071,87217,135,2857,2235,36413,24816,25395,0,286,979,2928,54,0,0,27707,14424,55,1188,184,2566,402,704,1616,15659,1610,1,1107,6536,4054,2084,6.578106509
WI,2016,5023,86090,136,2821,2177,34164,25085,28740,2,292,1055,2702,47,0,0,27753,12831,39,1318,243,2305,441,793,1592,16276,1578,0,832,6580,3731,1997,5.247701411
WI,2017,5474,81426,194,2644,1784,32945,23811,31106,0,328,997,2663,32,19,1,25492,12315,57,1369,177,2495,453,933,1437,17424,1484,0,798,6306,3690,1874,5.279160394
WI,2018,5687,79575,136,2112,1433,31615,24827,31369,0,376,927,2247,21,18,1,22612,10818,37,1461,160,2143,471,923,1190,16525,1131,0,534,5624,3704,1617,5.17532003
WI,2019,5835,75320,132,1807,1356,29898,24911,27087,0,359,950,2134,9,76,40,21577,10172,48,1363,169,1990,366,880,1133,16462,1043,0,380,5582,3437,1414,4.951947695
WI,2020,5809,55659,138,1801,1011,23739,20850,22767,0,312,620,1666,4,21,24,16697,6056,64,1297,206,1681,155,761,979,14566,1050,0,433,5119,3532,1052,8.019380592
WI,2021,5394,49605,125,1358,877,22237,18552,21016,0,280,427,1419,2,15,4,12933,5540,53,1248,194,1500,235,911,756,15223,1163,0,251,4672,3411,971,5.332260046
WI,2022,5134,54718,105,1363,1037,22697,20132,23840,0,326,591,1534,1,5,3,15030,5748,59,1462,191,1692,204,871,711,15999,1016,0,271,4699,3964,931,4.025558465
WY,2014,404,9072,44,233,223,1014,3847,3503,2586,13,48,171,1,0,0,2609,2151,2,96,21,320,56,42,24,2734,66,13,63,572,92,136,5.407692308
WY,2015,514,8978,61,251,196,1058,3460,3959,2472,10,57,170,1,0,0,2383,2101,6,99,12,392,40,37,36,2239,54,258,67,531,82,146,4.500591716
WY,2017,556,8537,39,219,90,851,3402,4665,2942,18,50,158,0,1,0,2002,2020,0,136,10,398,48,45,29,2072,94,6,36,498,81,110,3.311837821
WY,2018,547,8211,19,243,86,835,3446,4885,3073,6,36,128,0,0,0,1822,1735,4,129,12,434,53,26,21,1926,83,17,166,425,52,112,3.000910602
WY,2019,367,7293,27,230,177,812,3220,4650,2324,1,29,112,1,0,0,1566,1802,3,104,7,348,19,39,23,2101,55,13,168,467,66,102,3.1539162
WY,2020,435,5575,19,221,108,880,3034,3728,1415,3,22,99,0,12,3,1695,1650,2,156,8,307,3,43,18,2046,52,5,84,556,66,78,6.142608938
WY,2021,279,3839,13,119,79,833,2187,2513,0,0,12,36,0,0,1,764,932,2,111,13,93,4,38,12,1494,10,0,4,311,41,28,4.018662226
WY,2022,232,4401,6,93,84,964,2215,2271,0,6,3,28,0,1,2,861,1005,0,88,5,87,5,33,8,1540,11,0,5,294,54,22,3.016820171
